{
  "features": [
    "EE1",
    "EE2",
    "EE3",
    "EE4",
    "EE5",
    "EE6",
    "EE7",
    "S1",
    "S2",
    "S3",
    "S4",
    "S5",
    "SFQ1",
    "SFQ2",
    "SFQ3",
    "wp1",
    "wp2",
    "wp3",
    "wp4",
    "cogn1",
    "cogn2",
    "cogn3",
    "cogn4",
    "SS1",
    "SS2",
    "SS3",
    "CS1",
    "CS2",
    "CS3",
    "auton1",
    "auton2",
    "auton3"
  ],
  "featureMean": [
    50.42303708935723,
    47.319252224586855,
    50.74186607935281,
    47.18241572195596,
    49.29843439187214,
    55.30456158543676,
    47.93668699870083,
    54.253760177954895,
    51.27711708872439,
    51.20557264986061,
    47.40505288025583,
    49.172263102933705,
    51.205979524483475,
    50.54383928047761,
    50.40473869150268,
    45.64140404139579,
    51.586580271865536,
    54.92007278407922,
    50.31338465973532,
    51.41579328274936,
    53.51439316853135,
    52.528336612991055,
    51.51322881967927,
    51.78932106207194,
    55.9187062647319,
    49.89331330120767,
    47.494333179013346,
    50.048345842555314,
    47.335546974780634,
    49.75216994210927,
    45.91988190763077,
    44.23070688513382
  ],
  "featureStd": [
    13.892079332358694,
    13.989372963731185,
    14.051946589418263,
    11.711276042115172,
    12.946514774938159,
    12.658723210071512,
    14.096481701022194,
    14.534625343824514,
    13.415825615749412,
    14.07352422447207,
    14.334954268134641,
    13.976857324698356,
    13.07395250487497,
    14.345938063887951,
    13.828581440784072,
    13.093032558142198,
    13.331751196795214,
    14.198135652953555,
    14.053305895166568,
    14.710562563874822,
    13.544051306032506,
    13.268583556307231,
    13.82887135963704,
    13.843210783536936,
    12.279331435482186,
    13.802257246429432,
    13.07993119613911,
    13.87507437105286,
    14.320065890696993,
    13.348859071348318,
    14.406886624576705,
    12.863838369592422
  ],
  "targetMin": 0,
  "targetMax": 100,
  "trainedAt": "2026-01-25T09:18:26.966Z"
}